105,229,81,2D_后车轮视角3_left.jpg,496,659
106,223,103,2D_后车轮视角3_left.jpg,496,659
107,150,85,2D_后车轮视角3_left.jpg,496,659
30,76,357,2D_后车轮视角3_left.jpg,496,659
29,40,282,2D_后车轮视角3_left.jpg,496,659
9,152,594,2D_后车轮视角3_left.jpg,496,659
8,102,634,2D_后车轮视角3_left.jpg,496,659
112,120,550,2D_后车轮视角3_left.jpg,496,659
117,94,508,2D_后车轮视角3_left.jpg,496,659
118,79,487,2D_后车轮视角3_left.jpg,496,659
113,79,593,2D_后车轮视角3_left.jpg,496,659
114,64,567,2D_后车轮视角3_left.jpg,496,659
115,33,518,2D_后车轮视角3_left.jpg,496,659
116,15,487,2D_后车轮视角3_left.jpg,496,659
119,46,437,2D_后车轮视角3_left.jpg,496,659
120,24,407,2D_后车轮视角3_left.jpg,496,659
28,175,590,2D_后车轮视角3_left.jpg,496,659
27,170,623,2D_后车轮视角3_left.jpg,496,659
122,142,547,2D_后车轮视角3_left.jpg,496,659
108,178,631,2D_后车轮视角3_left.jpg,496,659
109,183,602,2D_后车轮视角3_left.jpg,496,659