55,162,562,2D_后车轮视角3_right.jpg,460,659
56,152,432,2D_后车轮视角3_right.jpg,460,659
68,451,636,2D_后车轮视角3_right.jpg,460,659
69,459,627,2D_后车轮视角3_right.jpg,460,659
70,455,590,2D_后车轮视角3_right.jpg,460,659
64,428,615,2D_后车轮视角3_right.jpg,460,659
63,402,645,2D_后车轮视角3_right.jpg,460,659
123,429,581,2D_后车轮视角3_right.jpg,460,659
124,402,606,2D_后车轮视角3_right.jpg,460,659
125,383,630,2D_后车轮视角3_right.jpg,460,659
48,414,367,2D_后车轮视角3_right.jpg,460,659
38,440,368,2D_后车轮视角3_right.jpg,460,659
81,335,368,2D_后车轮视角3_right.jpg,460,659
82,424,289,2D_后车轮视角3_right.jpg,460,659
35,424,251,2D_后车轮视角3_right.jpg,460,659
37,451,249,2D_后车轮视角3_right.jpg,460,659
36,417,222,2D_后车轮视角3_right.jpg,460,659
40,351,214,2D_后车轮视角3_right.jpg,460,659