31,57,431,2D_车轮视角2_left.jpg,496,659
32,99,430,2D_车轮视角2_left.jpg,496,659
103,207,5,2D_车轮视角2_left.jpg,496,659
104,267,6,2D_车轮视角2_left.jpg,496,659
102,254,46,2D_车轮视角2_left.jpg,496,659
101,194,43,2D_车轮视角2_left.jpg,496,659
24,322,90,2D_车轮视角2_left.jpg,496,659
100,43,413,2D_车轮视角2_left.jpg,496,659
133,87,306,2D_车轮视角2_left.jpg,496,659
134,117,219,2D_车轮视角2_left.jpg,496,659
135,146,149,2D_车轮视角2_left.jpg,496,659
136,170,91,2D_车轮视角2_left.jpg,496,659
111,127,635,2D_车轮视角2_left.jpg,496,659
110,149,635,2D_车轮视角2_left.jpg,496,659
26,141,643,2D_车轮视角2_left.jpg,496,659