57,214,147,2D_车轮视角2_right..jpg,460,659
58,218,165,2D_车轮视角2_right..jpg,460,659
51,303,142,2D_车轮视角2_right..jpg,460,659
85,325,96,2D_车轮视角2_right..jpg,460,659
50,362,154,2D_车轮视角2_right..jpg,460,659
52,368,104,2D_车轮视角2_right..jpg,460,659
53,376,100,2D_车轮视角2_right..jpg,460,659
54,370,138,2D_车轮视角2_right..jpg,460,659
83,169,434,2D_车轮视角2_right..jpg,460,659
86,392,163,2D_车轮视角2_right..jpg,460,659
87,359,182,2D_车轮视角2_right..jpg,460,659
88,384,146,2D_车轮视角2_right..jpg,460,659
89,392,216,2D_车轮视角2_right..jpg,460,659
90,450,254,2D_车轮视角2_right..jpg,460,659
93,433,281,2D_车轮视角2_right..jpg,460,659
99,322,547,2D_车轮视角2_right..jpg,460,659
59,291,591,2D_车轮视角2_right..jpg,460,659
60,306,602,2D_车轮视角2_right..jpg,460,659
61,328,618,2D_车轮视角2_right..jpg,460,659
62,353,636,2D_车轮视角2_right..jpg,460,659
65,329,590,2D_车轮视角2_right..jpg,460,659
66,347,605,2D_车轮视角2_right..jpg,460,659
67,367,626,2D_车轮视角2_right..jpg,460,659
98,294,537,2D_车轮视角2_right..jpg,460,659
97,261,553,2D_车轮视角2_right..jpg,460,659
95,253,576,2D_车轮视角2_right..jpg,460,659
96,276,627,2D_车轮视角2_right..jpg,460,659
6,291,620,2D_车轮视角2_right..jpg,460,659
5,273,575,2D_车轮视角2_right..jpg,460,659
7,306,557,2D_车轮视角2_right..jpg,460,659
1,336,202,2D_车轮视角2_right..jpg,460,659